{
    "metadata":{
        "uvs":0,
        "normals":19,
        "faces":24,
        "materials":1,
        "version":3,
        "vertices":32,
        "type":"Geometry",
        "generator":"io_three"
    },
    "vertices":[1,-1,-0.712778,1,-1,1.28722,-1,-1,1.28722,-1,-1,-0.712778,1,1,-0.712777,0.999999,1,1.28722,-1,1,1.28722,-1,1,-0.712778,3,-0.999997,-0.712778,3,-0.999997,1.28722,1,-0.999997,-0.712778,3,1,-0.712777,1,-0.999997,1.28722,3,1,1.28722,1,1,1.28722,1,1,-0.712778,5,-0.999994,-0.712778,5,-0.999994,1.28722,3,-0.999994,-0.712778,5,1.00001,-0.712777,3,-0.999994,1.28722,5,1.00001,1.28722,3,1.00001,1.28722,3,1.00001,-0.712778,5,-3.03842,-0.712778,5,-3.03842,1.28722,3,-3.03842,-0.712778,5,-1.03842,-0.712777,3,-3.03842,1.28722,5,-1.03842,1.28722,3,-1.03842,1.28722,3,-1.03842,-0.712778],
    "materials":[{
        "depthWrite":true,
        "DbgColor":15658734,
        "opacity":1,
        "shading":"phong",
        "colorSpecular":[0.5,0.5,0.5],
        "DbgIndex":0,
        "specularCoef":50,
        "DbgName":"Material",
        "blending":"NormalBlending",
        "depthTest":true,
        "colorDiffuse":[0.64,0.64,0.64],
        "doubleSided":false,
        "transparent":false,
        "wireframe":false,
        "colorEmissive":[0,0,0],
        "visible":true
    }],
    "normals":[3.55271e-15,1,-2.98023e-08,-1.06581e-14,-1,2.98023e-08,-1,-4.47034e-08,-2.83122e-07,2.98023e-07,1.19209e-07,-1,1,1.3411e-07,2.23517e-07,-2.08616e-07,-1.49012e-07,1,7.10543e-15,1,-5.96046e-08,0,-1,0,-1,-5.96046e-08,-2.98023e-07,1,1.49012e-07,2.08616e-07,-1,-1.19209e-07,-3.57628e-07,2.98023e-07,1.19209e-07,-1,1,2.38419e-07,2.38419e-07,-2.08616e-07,-1.49012e-07,1,0,1,0,1,1.19209e-07,3.57628e-07,-2.98023e-07,-5.96047e-08,1,-1,-2.38419e-07,-2.38419e-07,2.08616e-07,1.78814e-07,-1],
    "uvs":[],
    "faces":[35,0,3,2,1,0,0,0,0,0,35,4,5,6,7,0,1,1,1,1,35,0,1,5,4,0,2,2,2,2,35,1,2,6,5,0,3,3,3,3,35,2,3,7,6,0,4,4,4,4,35,3,0,4,7,0,5,5,5,5,35,8,10,12,9,0,6,6,6,6,35,11,13,14,15,0,7,7,7,7,35,8,9,13,11,0,8,8,8,8,35,9,12,14,13,0,3,3,3,3,35,12,10,15,14,0,9,9,9,9,35,11,15,10,8,0,5,5,5,5,35,16,18,20,17,0,6,6,6,6,35,19,21,22,23,0,7,7,7,7,35,16,17,21,19,0,10,10,10,10,35,17,20,22,21,0,11,11,11,11,35,20,18,23,22,0,12,12,12,12,35,19,23,18,16,0,13,13,13,13,35,24,25,28,26,0,7,7,7,7,35,27,31,30,29,0,14,14,14,14,35,24,27,29,25,0,15,15,15,15,35,25,29,30,28,0,16,16,16,16,35,28,30,31,26,0,17,17,17,17,35,27,24,26,31,0,18,18,18,18]
}