{
    "normals":[-1,0,-0,0,0,-1,1,0,-0,-0,0,1,0,-1,5.21541e-08,0,1,-4.47035e-08],
    "vertices":[2,0.5,-2,2,-8.9407e-08,-2,2,0.5,2,2,8.9407e-08,2,-2,0.5,-2,-2,-8.9407e-08,-2,-2,0.5,2,-2,8.9407e-08,2],
    "uvs":[],
    "materials":[],
    "metadata":{
        "type":"Geometry",
        "vertices":8,
        "normals":6,
        "uvs":0,
        "version":3,
        "materials":0,
        "generator":"io_three",
        "faces":6
    },
    "faces":[35,0,1,3,2,0,0,0,0,0,35,2,3,7,6,0,1,1,1,1,35,6,7,5,4,0,2,2,2,2,35,1,0,4,5,0,3,3,3,3,35,4,0,2,6,0,4,4,4,4,35,7,3,1,5,0,5,5,5,5]
}